region,month,revenue
Synthetic-North,2026-01,120000
Synthetic-North,2026-02,125000
Synthetic-North,2026-03,131000
Synthetic-North,2026-04,128000
Synthetic-North,2026-05,135000
Synthetic-North,2026-06,140000
Synthetic-South,2026-01,98000
Synthetic-South,2026-02,101000
Synthetic-South,2026-03,97000
Synthetic-South,2026-04,104000
Synthetic-South,2026-05,108000
Synthetic-South,2026-06,110000
Synthetic-East,2026-01,143000
Synthetic-East,2026-02,139000
Synthetic-East,2026-03,150000
Synthetic-East,2026-04,155000
Synthetic-East,2026-05,149000
Synthetic-East,2026-06,158000
Synthetic-West,2026-01,91000
Synthetic-West,2026-02,84000
Synthetic-West,2026-03,79000
Synthetic-West,2026-04,76000
Synthetic-West,2026-05,72000
Synthetic-West,2026-06,70000
